ERROR: name is required..: Sunday,November16,2025-21:03: user created FROM create user
ERROR: name is required..: Sunday,November16,2025-21:03: user created FROM create user
ERROR: name is required..: Sunday,November16,2025-21:03: user created FROM create user
ERROR: name is required..: Sunday,November16,2025-21:03: user created FROM create user
ERROR: name is required..: Sunday,November16,2025-21:03: user created FROM create user
ERROR: name is required..: Sunday,November16,2025-21:03: user created FROM create user
ERROR: name is required..: Sunday,November16,2025-21:03: user created FROM create user
ERROR: name is required..: Sunday,November16,2025-21:03: user created FROM create user
ERROR:User name cannot be empty: Sunday,November16,2025-21:03: FROM delete user
ERROR:User name cannot be empty: Sunday,November16,2025-21:04: FROM delete user
ERROR:User name cannot be empty: Sunday,November16,2025-21:04: FROM delete user
ERROR:User name cannot be empty: Sunday,November16,2025-21:04: FROM delete user
ERROR:User name cannot be empty: Sunday,November16,2025-21:04: FROM delete user
ERROR:User name cannot be empty: Sunday,November16,2025-21:04: FROM delete user
ERROR:User:'1' not found: Sunday,November16,2025-21:04: FROM delete user
ERROR:User name cannot be empty: Sunday,November16,2025-21:06: FROM delete user
ERROR:User name cannot be empty: Sunday,November16,2025-21:06: FROM delete user
ERROR:User name cannot be empty: Sunday,November16,2025-21:06: FROM delete user
ERROR:User:'q' not found: Sunday,November16,2025-21:06: FROM delete user
ERROR:User name cannot be empty: Sunday,November16,2025-21:06: FROM delete user
ERROR:User name cannot be empty: Sunday,November16,2025-21:06: FROM delete user
ERROR:User:'e' not found: Sunday,November16,2025-21:06: FROM delete user
ERROR:User name cannot be empty: Sunday,November16,2025-21:06: FROM delete user
ERROR:command not expected: Sunday,November16,2025-21:06: FROM main
ERROR:command not expected: Sunday,November16,2025-21:07: FROM main
ERROR:User:'r' not found: Sunday,November16,2025-21:08: FROM delete user
ERROR:User:'t' not found: Sunday,November16,2025-21:08: FROM delete user
ERROR: name is required..: Sunday,November16,2025-21:08: user created FROM create user
ERROR:User:'t' not found: Sunday,November16,2025-21:09: FROM delete user
ERROR:command not expected: Sunday,November16,2025-21:09: FROM main
ERROR:User:'d' not found: Sunday,November16,2025-21:09: FROM delete user
ERROR:User:'d' not found: Sunday,November16,2025-21:14: FROM delete user
ERROR: name is required..: : user created FROM create user
ERROR: name is required..: : user created FROM create user
ERROR: name is required..: : user created FROM create user
ERROR: name is required..: Sunday,November16,2025-21:22: user created FROM create user
ERROR: name is required..: Sunday,November16,2025-21:22: user created FROM create user
ERROR: name is required..: Sunday,November16,2025-21:22: user created FROM create user
ERROR: name is required..: Sunday,November16,2025-21:46: user created FROM create user
ERROR:command not expected: Sunday,November16,2025-21:47: FROM main
ERROR:command not expected: Sunday,November16,2025-21:47: FROM main
ERROR:command not expected: Sunday,November16,2025-21:47: FROM main
ERROR:command not expected: Sunday,November16,2025-21:47: FROM main
ERROR:command not expected: Sunday,November16,2025-21:47: FROM main
ERROR:command not expected: Sunday,November16,2025-21:47: FROM main
ERROR:command not expected: Sunday,November16,2025-21:47: FROM main
ERROR:command not expected: Sunday,November16,2025-21:47: FROM main
ERROR:command not expected: Sunday,November16,2025-21:47: FROM main
ERROR:command not expected: Sunday,November16,2025-21:47: FROM main
ERROR:command not expected: Sunday,November16,2025-21:47: FROM main
ERROR:command not expected: Sunday,November16,2025-21:47: FROM main
ERROR:command not expected: Sunday,November16,2025-21:47: FROM main
ERROR:command not expected: Sunday,November16,2025-21:47: FROM main
ERROR:command not expected: Sunday,November16,2025-21:47: FROM main
ERROR:command not expected: Sunday,November16,2025-21:47: FROM main
ERROR:command not expected: Sunday,November16,2025-21:47: FROM main
ERROR:command not expected: Sunday,November16,2025-21:47: FROM main
ERROR:command not expected: Sunday,November16,2025-21:47: FROM main
ERROR:command not expected: Sunday,November16,2025-21:47: FROM main
ERROR:command not expected: Sunday,November16,2025-21:47: FROM main
ERROR:command not expected: Sunday,November16,2025-21:47: FROM main
ERROR:command not expected: Sunday,November16,2025-21:47: FROM main
ERROR:command not expected: Sunday,November16,2025-21:47: FROM main
ERROR:command not expected: Sunday,November16,2025-21:47: FROM main
ERROR:command not expected: Sunday,November16,2025-21:47: FROM main
ERROR:command not expected: Sunday,November16,2025-21:47: FROM main
ERROR:command not expected: Sunday,November16,2025-21:47: FROM main
ERROR:command not expected: Sunday,November16,2025-21:47: FROM main
ERROR:command not expected: Sunday,November16,2025-21:47: FROM main
ERROR:command not expected: Sunday,November16,2025-21:47: FROM main
ERROR:command not expected: Sunday,November16,2025-21:47: FROM main
ERROR:command not expected: Sunday,November16,2025-21:47: FROM main
ERROR:command not expected: Sunday,November16,2025-21:47: FROM main
ERROR:command not expected: Sunday,November16,2025-21:47: FROM main
ERROR:command not expected: Sunday,November16,2025-21:47: FROM main
ERROR:command not expected: Sunday,November16,2025-21:47: FROM main
ERROR:command not expected: Sunday,November16,2025-21:47: FROM main
ERROR:command not expected: Sunday,November16,2025-21:47: FROM main
ERROR:command not expected: Sunday,November16,2025-21:47: FROM main
ERROR:command not expected: Sunday,November16,2025-21:47: FROM main
ERROR:command not expected: Sunday,November16,2025-21:47: FROM main
ERROR:command not expected: Sunday,November16,2025-21:47: FROM main
ERROR:command not expected: Sunday,November16,2025-21:47: FROM main
ERROR:command not expected: Sunday,November16,2025-21:47: FROM main
ERROR:command not expected: Sunday,November16,2025-21:47: FROM main
ERROR:command not expected: Sunday,November16,2025-21:47: FROM main
ERROR:command not expected: Sunday,November16,2025-21:47: FROM main
ERROR:command not expected: Sunday,November16,2025-21:47: FROM main
ERROR:command not expected: Sunday,November16,2025-21:47: FROM main
ERROR:command not expected: Sunday,November16,2025-21:47: FROM main
ERROR:command not expected: Sunday,November16,2025-21:47: FROM main
ERROR:command not expected: Sunday,November16,2025-21:47: FROM main
ERROR:command not expected: Sunday,November16,2025-21:47: FROM main
ERROR:command not expected: Sunday,November16,2025-21:47: FROM main
ERROR:command not expected: Sunday,November16,2025-21:47: FROM main
ERROR:command not expected: Sunday,November16,2025-21:47: FROM main
ERROR:command not expected: Sunday,November16,2025-21:47: FROM main
ERROR:command not expected: Sunday,November16,2025-21:47: FROM main
ERROR:command not expected: Sunday,November16,2025-21:47: FROM main
ERROR:command not expected: Sunday,November16,2025-21:47: FROM main
ERROR:command not expected: Sunday,November16,2025-21:47: FROM main
ERROR:command not expected: Sunday,November16,2025-21:47: FROM main
ERROR:command not expected: Sunday,November16,2025-21:47: FROM main
ERROR:command not expected: Sunday,November16,2025-21:47: FROM main
ERROR:command not expected: Sunday,November16,2025-21:47: FROM main
ERROR:command not expected: Sunday,November16,2025-21:47: FROM main
ERROR:command not expected: Sunday,November16,2025-21:47: FROM main
ERROR:command not expected: Sunday,November16,2025-21:47: FROM main
ERROR:command not expected: Sunday,November16,2025-21:47: FROM main
ERROR:command not expected: Sunday,November16,2025-21:47: FROM main
ERROR:command not expected: Sunday,November16,2025-21:47: FROM main
ERROR:command not expected: Sunday,November16,2025-21:47: FROM main
ERROR:command not expected: Sunday,November16,2025-21:47: FROM main
ERROR:command not expected: Sunday,November16,2025-21:47: FROM main
ERROR:command not expected: Sunday,November16,2025-21:47: FROM main
ERROR:command not expected: Sunday,November16,2025-21:47: FROM main
ERROR:command not expected: Sunday,November16,2025-21:47: FROM main
ERROR:command not expected: Sunday,November16,2025-21:47: FROM main
ERROR:command not expected: Sunday,November16,2025-21:47: FROM main
ERROR:command not expected: Sunday,November16,2025-21:47: FROM main
ERROR:command not expected: Sunday,November16,2025-21:47: FROM main
ERROR:command not expected: Sunday,November16,2025-21:47: FROM main
ERROR:command not expected: Sunday,November16,2025-21:47: FROM main
ERROR:command not expected: Sunday,November16,2025-21:47: FROM main
ERROR:command not expected: Sunday,November16,2025-21:47: FROM main
ERROR:command not expected: Sunday,November16,2025-21:47: FROM main
ERROR:command not expected: Sunday,November16,2025-21:47: FROM main
ERROR:command not expected: Sunday,November16,2025-21:47: FROM main
ERROR:command not expected: Sunday,November16,2025-21:47: FROM main
ERROR:command not expected: Sunday,November16,2025-21:47: FROM main
ERROR:command not expected: Sunday,November16,2025-21:47: FROM main
ERROR:command not expected: Sunday,November16,2025-21:47: FROM main
ERROR:command not expected: Sunday,November16,2025-21:47: FROM main
ERROR:command not expected: Sunday,November16,2025-21:47: FROM main
ERROR:command not expected: Sunday,November16,2025-21:47: FROM main
ERROR:command not expected: Sunday,November16,2025-21:47: FROM main
ERROR:command not expected: Sunday,November16,2025-21:47: FROM main
ERROR:command not expected: Sunday,November16,2025-21:47: FROM main
ERROR:command not expected: Sunday,November16,2025-21:47: FROM main
ERROR:command not expected: Sunday,November16,2025-21:47: FROM main
ERROR:command not expected: Sunday,November16,2025-21:47: FROM main
ERROR:command not expected: Sunday,November16,2025-21:47: FROM main
ERROR:command not expected: Sunday,November16,2025-21:47: FROM main
ERROR:command not expected: Sunday,November16,2025-21:47: FROM main
ERROR:command not expected: Sunday,November16,2025-21:47: FROM main
ERROR:command not expected: Sunday,November16,2025-21:47: FROM main
ERROR:command not expected: Sunday,November16,2025-21:47: FROM main
ERROR:command not expected: Sunday,November16,2025-21:47: FROM main
ERROR:command not expected: Sunday,November16,2025-21:47: FROM main
ERROR:command not expected: Sunday,November16,2025-21:47: FROM main
ERROR:command not expected: Sunday,November16,2025-21:47: FROM main
ERROR:command not expected: Sunday,November16,2025-21:47: FROM main
ERROR:command not expected: Sunday,November16,2025-21:47: FROM main
ERROR:command not expected: Sunday,November16,2025-21:47: FROM main
ERROR:command not expected: Sunday,November16,2025-21:47: FROM main
ERROR:command not expected: Sunday,November16,2025-21:47: FROM main
ERROR:command not expected: Sunday,November16,2025-21:47: FROM main
ERROR:command not expected: Sunday,November16,2025-21:47: FROM main
ERROR:command not expected: Sunday,November16,2025-21:47: FROM main
ERROR:command not expected: Sunday,November16,2025-21:47: FROM main
ERROR:command not expected: Sunday,November16,2025-21:47: FROM main
ERROR:command not expected: Sunday,November16,2025-21:47: FROM main
ERROR:command not expected: Sunday,November16,2025-21:47: FROM main
ERROR:command not expected: Sunday,November16,2025-21:47: FROM main
ERROR:command not expected: Sunday,November16,2025-21:47: FROM main
ERROR:command not expected: Sunday,November16,2025-21:47: FROM main
ERROR:command not expected: Sunday,November16,2025-21:47: FROM main
ERROR:command not expected: Sunday,November16,2025-21:47: FROM main
ERROR:command not expected: Sunday,November16,2025-21:47: FROM main
ERROR:command not expected: Sunday,November16,2025-21:47: FROM main
ERROR:command not expected: Sunday,November16,2025-21:47: FROM main
ERROR:command not expected: Sunday,November16,2025-21:47: FROM main
ERROR:command not expected: Sunday,November16,2025-21:47: FROM main
ERROR:command not expected: Sunday,November16,2025-21:47: FROM main
ERROR:command not expected: Sunday,November16,2025-21:47: FROM main
ERROR:command not expected: Sunday,November16,2025-21:47: FROM main
ERROR:command not expected: Sunday,November16,2025-21:47: FROM main
ERROR:command not expected: Sunday,November16,2025-21:47: FROM main
ERROR:command not expected: Sunday,November16,2025-21:47: FROM main
ERROR:command not expected: Sunday,November16,2025-21:47: FROM main
ERROR:command not expected: Sunday,November16,2025-21:47: FROM main
ERROR:command not expected: Sunday,November16,2025-21:47: FROM main
ERROR:command not expected: Sunday,November16,2025-21:47: FROM main
ERROR:command not expected: Sunday,November16,2025-21:47: FROM main
ERROR:command not expected: Sunday,November16,2025-21:47: FROM main
ERROR:command not expected: Sunday,November16,2025-21:47: FROM main
ERROR:command not expected: Sunday,November16,2025-21:47: FROM main
ERROR:command not expected: Sunday,November16,2025-21:47: FROM main
ERROR:command not expected: Sunday,November16,2025-21:47: FROM main
ERROR:command not expected: Sunday,November16,2025-21:47: FROM main
ERROR:command not expected: Sunday,November16,2025-21:47: FROM main
ERROR:command not expected: Sunday,November16,2025-21:47: FROM main
ERROR:command not expected: Sunday,November16,2025-21:47: FROM main
ERROR:command not expected: Sunday,November16,2025-21:47: FROM main
ERROR:command not expected: Sunday,November16,2025-21:47: FROM main
ERROR:command not expected: Sunday,November16,2025-21:47: FROM main
ERROR:command not expected: Sunday,November16,2025-21:47: FROM main
ERROR:command not expected: Sunday,November16,2025-21:47: FROM main
ERROR:command not expected: Sunday,November16,2025-21:47: FROM main
ERROR:command not expected: Sunday,November16,2025-21:47: FROM main
ERROR:command not expected: Sunday,November16,2025-21:47: FROM main
ERROR:command not expected: Sunday,November16,2025-21:47: FROM main
ERROR:command not expected: Sunday,November16,2025-21:47: FROM main
ERROR:command not expected: Sunday,November16,2025-21:47: FROM main
ERROR:command not expected: Sunday,November16,2025-21:47: FROM main
ERROR:command not expected: Sunday,November16,2025-21:47: FROM main
ERROR:command not expected: Sunday,November16,2025-21:47: FROM main
ERROR:command not expected: Sunday,November16,2025-21:47: FROM main
ERROR:command not expected: Sunday,November16,2025-21:47: FROM main
ERROR:command not expected: Sunday,November16,2025-21:47: FROM main
ERROR:command not expected: Sunday,November16,2025-21:47: FROM main
ERROR:command not expected: Sunday,November16,2025-21:47: FROM main
ERROR:command not expected: Sunday,November16,2025-21:47: FROM main
ERROR:command not expected: Sunday,November16,2025-21:47: FROM main
ERROR:command not expected: Sunday,November16,2025-21:47: FROM main
ERROR:command not expected: Sunday,November16,2025-21:47: FROM main
ERROR:command not expected: Sunday,November16,2025-21:47: FROM main
ERROR:command not expected: Sunday,November16,2025-21:47: FROM main
ERROR:command not expected: Sunday,November16,2025-21:47: FROM main
ERROR:command not expected: Sunday,November16,2025-21:47: FROM main
ERROR:command not expected: Sunday,November16,2025-21:47: FROM main
ERROR:command not expected: Sunday,November16,2025-21:47: FROM main
ERROR:command not expected: Sunday,November16,2025-21:47: FROM main
ERROR:command not expected: Sunday,November16,2025-21:47: FROM main
ERROR:command not expected: Sunday,November16,2025-21:47: FROM main
ERROR:command not expected: Sunday,November16,2025-21:47: FROM main
ERROR:command not expected: Sunday,November16,2025-21:47: FROM main
ERROR:command not expected: Sunday,November16,2025-21:47: FROM main
ERROR:command not expected: Sunday,November16,2025-21:47: FROM main
ERROR:command not expected: Sunday,November16,2025-21:47: FROM main
ERROR:command not expected: Sunday,November16,2025-21:47: FROM main
ERROR:command not expected: Sunday,November16,2025-21:47: FROM main
ERROR:command not expected: Sunday,November16,2025-21:47: FROM main
ERROR:command not expected: Sunday,November16,2025-21:47: FROM main
ERROR:command not expected: Sunday,November16,2025-21:47: FROM main
ERROR:command not expected: Sunday,November16,2025-21:47: FROM main
ERROR:command not expected: Sunday,November16,2025-21:47: FROM main
ERROR:command not expected: Sunday,November16,2025-21:47: FROM main
ERROR:command not expected: Sunday,November16,2025-21:47: FROM main
ERROR:command not expected: Sunday,November16,2025-21:47: FROM main
ERROR:command not expected: Sunday,November16,2025-21:47: FROM main
ERROR:command not expected: Sunday,November16,2025-21:47: FROM main
ERROR:command not expected: Sunday,November16,2025-21:47: FROM main
ERROR:command not expected: Sunday,November16,2025-21:47: FROM main
ERROR:command not expected: Sunday,November16,2025-21:47: FROM main
ERROR:command not expected: Sunday,November16,2025-21:47: FROM main
ERROR:command not expected: Sunday,November16,2025-21:47: FROM main
ERROR:command not expected: Sunday,November16,2025-21:47: FROM main
ERROR:command not expected: Sunday,November16,2025-21:47: FROM main
ERROR:command not expected: Sunday,November16,2025-21:47: FROM main
ERROR:command not expected: Sunday,November16,2025-21:47: FROM main
ERROR:command not expected: Sunday,November16,2025-21:47: FROM main
ERROR:command not expected: Sunday,November16,2025-21:47: FROM main
ERROR:command not expected: Sunday,November16,2025-21:47: FROM main
ERROR:command not expected: Sunday,November16,2025-21:47: FROM main
ERROR:command not expected: Sunday,November16,2025-21:47: FROM main
ERROR:command not expected: Sunday,November16,2025-21:47: FROM main
ERROR:command not expected: Sunday,November16,2025-21:47: FROM main
ERROR:command not expected: Sunday,November16,2025-21:47: FROM main
ERROR:command not expected: Sunday,November16,2025-21:47: FROM main
ERROR:command not expected: Sunday,November16,2025-21:47: FROM main
ERROR:command not expected: Sunday,November16,2025-21:47: FROM main
ERROR:command not expected: Sunday,November16,2025-21:47: FROM main
ERROR:command not expected: Sunday,November16,2025-21:47: FROM main
ERROR:command not expected: Sunday,November16,2025-21:47: FROM main
ERROR:command not expected: Sunday,November16,2025-21:47: FROM main
ERROR:command not expected: Sunday,November16,2025-21:47: FROM main
ERROR:command not expected: Sunday,November16,2025-21:47: FROM main
ERROR:command not expected: Sunday,November16,2025-21:47: FROM main
ERROR:command not expected: Sunday,November16,2025-21:47: FROM main
ERROR:command not expected: Sunday,November16,2025-21:47: FROM main
ERROR:command not expected: Sunday,November16,2025-21:47: FROM main
ERROR:command not expected: Sunday,November16,2025-21:47: FROM main
ERROR:command not expected: Sunday,November16,2025-21:47: FROM main
ERROR:command not expected: Sunday,November16,2025-21:47: FROM main
ERROR:command not expected: Sunday,November16,2025-21:47: FROM main
ERROR:command not expected: Sunday,November16,2025-21:47: FROM main
ERROR:command not expected: Sunday,November16,2025-21:48: FROM main
ERROR:command not expected: Sunday,November16,2025-21:48: FROM main
ERROR:command not expected: Sunday,November16,2025-21:48: FROM main
ERROR:command not expected: Sunday,November16,2025-21:48: FROM main
ERROR:command not expected: Sunday,November16,2025-21:48: FROM main
ERROR:command not expected: Sunday,November16,2025-21:48: FROM main
ERROR:command not expected: Sunday,November16,2025-21:48: FROM main
ERROR:command not expected: Sunday,November16,2025-21:48: FROM main
ERROR:command not expected: Sunday,November16,2025-21:48: FROM main
ERROR:command not expected: Sunday,November16,2025-21:48: FROM main
ERROR:command not expected: Sunday,November16,2025-21:48: FROM main
ERROR:command not expected: Sunday,November16,2025-21:48: FROM main
ERROR:command not expected: Sunday,November16,2025-21:48: FROM main
ERROR:command not expected: Sunday,November16,2025-21:48: FROM main
ERROR:command not expected: Sunday,November16,2025-21:48: FROM main
ERROR:command not expected: Sunday,November16,2025-21:48: FROM main
ERROR:command not expected: Sunday,November16,2025-21:48: FROM main
ERROR:command not expected: Sunday,November16,2025-21:48: FROM main
ERROR:command not expected: Sunday,November16,2025-21:48: FROM main
ERROR:command not expected: Sunday,November16,2025-21:48: FROM main
ERROR:command not expected: Sunday,November16,2025-21:48: FROM main
ERROR:command not expected: Sunday,November16,2025-21:48: FROM main
ERROR:command not expected: Sunday,November16,2025-21:48: FROM main
ERROR:command not expected: Sunday,November16,2025-21:48: FROM main
ERROR:command not expected: Sunday,November16,2025-21:48: FROM main
ERROR:command not expected: Sunday,November16,2025-21:48: FROM main
ERROR:command not expected: Sunday,November16,2025-21:48: FROM main
ERROR:command not expected: Sunday,November16,2025-21:48: FROM main
ERROR:command not expected: Sunday,November16,2025-21:48: FROM main
ERROR:command not expected: Sunday,November16,2025-21:48: FROM main
ERROR:command not expected: Sunday,November16,2025-21:48: FROM main
ERROR:command not expected: Sunday,November16,2025-21:48: FROM main
ERROR:command not expected: Sunday,November16,2025-21:48: FROM main
ERROR:command not expected: Sunday,November16,2025-21:48: FROM main
ERROR:command not expected: Sunday,November16,2025-21:48: FROM main
ERROR:command not expected: Sunday,November16,2025-21:48: FROM main
ERROR:command not expected: Sunday,November16,2025-21:48: FROM main
ERROR:command not expected: Sunday,November16,2025-21:48: FROM main
ERROR:command not expected: Sunday,November16,2025-21:48: FROM main
ERROR:command not expected: Sunday,November16,2025-21:48: FROM main
ERROR:command not expected: Sunday,November16,2025-21:48: FROM main
ERROR:command not expected: Sunday,November16,2025-21:48: FROM main
ERROR:command not expected: Sunday,November16,2025-21:48: FROM main
ERROR:command not expected: Sunday,November16,2025-21:48: FROM main
ERROR:command not expected: Sunday,November16,2025-21:48: FROM main
ERROR:command not expected: Sunday,November16,2025-21:48: FROM main
ERROR:command not expected: Sunday,November16,2025-21:48: FROM main
ERROR:command not expected: Sunday,November16,2025-21:48: FROM main
ERROR:command not expected: Sunday,November16,2025-21:48: FROM main
ERROR:command not expected: Sunday,November16,2025-21:48: FROM main
ERROR:command not expected: Sunday,November16,2025-21:48: FROM main
ERROR:command not expected: Sunday,November16,2025-21:48: FROM main
ERROR:command not expected: Sunday,November16,2025-21:48: FROM main
ERROR:command not expected: Sunday,November16,2025-21:48: FROM main
ERROR:command not expected: Sunday,November16,2025-21:48: FROM main
ERROR:command not expected: Sunday,November16,2025-21:48: FROM main
ERROR:command not expected: Sunday,November16,2025-21:48: FROM main
ERROR:command not expected: Sunday,November16,2025-21:48: FROM main
ERROR:command not expected: Sunday,November16,2025-21:48: FROM main
ERROR:command not expected: Sunday,November16,2025-21:48: FROM main
ERROR:command not expected: Sunday,November16,2025-21:48: FROM main
ERROR:command not expected: Sunday,November16,2025-21:48: FROM main
ERROR:command not expected: Sunday,November16,2025-21:48: FROM main
ERROR:command not expected: Sunday,November16,2025-21:48: FROM main
ERROR:command not expected: Sunday,November16,2025-21:48: FROM main
ERROR:command not expected: Sunday,November16,2025-21:48: FROM main
ERROR:command not expected: Sunday,November16,2025-21:48: FROM main
ERROR:command not expected: Sunday,November16,2025-21:48: FROM main
ERROR:command not expected: Sunday,November16,2025-21:48: FROM main
ERROR:command not expected: Sunday,November16,2025-21:48: FROM main
ERROR:command not expected: Sunday,November16,2025-21:48: FROM main
ERROR:command not expected: Sunday,November16,2025-21:48: FROM main
ERROR:command not expected: Sunday,November16,2025-21:48: FROM main
ERROR:command not expected: Sunday,November16,2025-21:48: FROM main
ERROR:command not expected: Sunday,November16,2025-21:48: FROM main
ERROR:command not expected: Sunday,November16,2025-21:48: FROM main
ERROR:command not expected: Sunday,November16,2025-21:48: FROM main
ERROR:command not expected: Sunday,November16,2025-21:48: FROM main
ERROR:command not expected: Sunday,November16,2025-21:48: FROM main
ERROR:command not expected: Sunday,November16,2025-21:48: FROM main
ERROR:command not expected: Sunday,November16,2025-21:48: FROM main
ERROR:command not expected: Sunday,November16,2025-21:48: FROM main
ERROR:command not expected: Sunday,November16,2025-21:48: FROM main
ERROR:command not expected: Sunday,November16,2025-21:48: FROM main
ERROR:command not expected: Sunday,November16,2025-21:48: FROM main
ERROR:command not expected: Sunday,November16,2025-21:48: FROM main
ERROR:command not expected: Sunday,November16,2025-21:48: FROM main
ERROR:command not expected: Sunday,November16,2025-21:48: FROM main
ERROR:command not expected: Sunday,November16,2025-21:48: FROM main
ERROR:command not expected: Sunday,November16,2025-21:48: FROM main
ERROR:command not expected: Sunday,November16,2025-21:48: FROM main
ERROR:command not expected: Sunday,November16,2025-21:48: FROM main
ERROR:command not expected: Sunday,November16,2025-21:48: FROM main
ERROR:command not expected: Sunday,November16,2025-21:48: FROM main
ERROR:command not expected: Sunday,November16,2025-21:48: FROM main
ERROR:command not expected: Sunday,November16,2025-21:48: FROM main
ERROR:command not expected: Sunday,November16,2025-21:48: FROM main
ERROR:command not expected: Sunday,November16,2025-21:48: FROM main
ERROR:command not expected: Sunday,November16,2025-21:48: FROM main
ERROR:command not expected: Sunday,November16,2025-21:48: FROM main
ERROR:command not expected: Sunday,November16,2025-21:48: FROM main
ERROR:command not expected: Sunday,November16,2025-21:48: FROM main
ERROR:command not expected: Sunday,November16,2025-21:48: FROM main
ERROR:command not expected: Sunday,November16,2025-21:48: FROM main
ERROR:command not expected: Sunday,November16,2025-21:48: FROM main
ERROR:command not expected: Sunday,November16,2025-21:48: FROM main
ERROR:command not expected: Sunday,November16,2025-21:48: FROM main
ERROR:command not expected: Sunday,November16,2025-21:48: FROM main
ERROR:command not expected: Sunday,November16,2025-21:48: FROM main
ERROR:command not expected: Sunday,November16,2025-21:48: FROM main
ERROR:command not expected: Sunday,November16,2025-21:48: FROM main
ERROR:command not expected: Sunday,November16,2025-21:48: FROM main
ERROR:command not expected: Sunday,November16,2025-21:48: FROM main
ERROR:command not expected: Sunday,November16,2025-21:48: FROM main
ERROR:command not expected: Sunday,November16,2025-21:48: FROM main
ERROR:command not expected: Sunday,November16,2025-21:48: FROM main
ERROR:command not expected: Sunday,November16,2025-21:48: FROM main
ERROR:command not expected: Sunday,November16,2025-21:48: FROM main
ERROR:command not expected: Sunday,November16,2025-21:48: FROM main
ERROR:command not expected: Sunday,November16,2025-21:48: FROM main
ERROR:command not expected: Sunday,November16,2025-21:48: FROM main
ERROR:command not expected: Sunday,November16,2025-21:48: FROM main
ERROR:command not expected: Sunday,November16,2025-21:48: FROM main
ERROR:command not expected: Sunday,November16,2025-21:48: FROM main
ERROR:command not expected: Sunday,November16,2025-21:48: FROM main
ERROR:command not expected: Sunday,November16,2025-21:48: FROM main
ERROR:command not expected: Sunday,November16,2025-21:48: FROM main
ERROR:command not expected: Sunday,November16,2025-21:48: FROM main
ERROR:command not expected: Sunday,November16,2025-21:48: FROM main
ERROR:command not expected: Sunday,November16,2025-21:48: FROM main
ERROR:command not expected: Sunday,November16,2025-21:48: FROM main
ERROR:command not expected: Sunday,November16,2025-21:48: FROM main
ERROR:command not expected: Sunday,November16,2025-21:48: FROM main
ERROR:command not expected: Sunday,November16,2025-21:48: FROM main
ERROR:command not expected: Sunday,November16,2025-21:48: FROM main
ERROR:command not expected: Sunday,November16,2025-21:48: FROM main
ERROR:command not expected: Sunday,November16,2025-21:48: FROM main
ERROR:command not expected: Sunday,November16,2025-21:48: FROM main
ERROR:command not expected: Sunday,November16,2025-21:48: FROM main
ERROR:command not expected: Sunday,November16,2025-21:48: FROM main
ERROR:command not expected: Sunday,November16,2025-21:48: FROM main
ERROR:command not expected: Sunday,November16,2025-21:48: FROM main
ERROR:command not expected: Sunday,November16,2025-21:48: FROM main
ERROR:command not expected: Sunday,November16,2025-21:48: FROM main
ERROR:command not expected: Sunday,November16,2025-21:48: FROM main
ERROR:command not expected: Sunday,November16,2025-21:48: FROM main
ERROR:command not expected: Sunday,November16,2025-21:48: FROM main
ERROR:command not expected: Sunday,November16,2025-21:48: FROM main
ERROR:command not expected: Sunday,November16,2025-21:48: FROM main
ERROR:command not expected: Sunday,November16,2025-21:48: FROM main
ERROR:command not expected: Sunday,November16,2025-21:48: FROM main
ERROR:command not expected: Sunday,November16,2025-21:48: FROM main
ERROR:command not expected: Sunday,November16,2025-21:48: FROM main
ERROR:command not expected: Sunday,November16,2025-21:48: FROM main
ERROR:command not expected: Sunday,November16,2025-21:48: FROM main
ERROR:command not expected: Sunday,November16,2025-21:48: FROM main
ERROR:command not expected: Sunday,November16,2025-21:48: FROM main
ERROR:command not expected: Sunday,November16,2025-21:48: FROM main
ERROR:command not expected: Sunday,November16,2025-21:48: FROM main
ERROR:command not expected: Sunday,November16,2025-21:48: FROM main
ERROR:command not expected: Sunday,November16,2025-21:48: FROM main
ERROR:command not expected: Sunday,November16,2025-21:48: FROM main
ERROR:command not expected: Sunday,November16,2025-21:48: FROM main
ERROR:command not expected: Sunday,November16,2025-21:48: FROM main
ERROR:command not expected: Sunday,November16,2025-21:48: FROM main
ERROR:command not expected: Sunday,November16,2025-21:48: FROM main
ERROR:command not expected: Sunday,November16,2025-21:48: FROM main
ERROR:command not expected: Sunday,November16,2025-21:48: FROM main
ERROR:command not expected: Sunday,November16,2025-21:48: FROM main
ERROR:command not expected: Sunday,November16,2025-21:48: FROM main
ERROR:command not expected: Sunday,November16,2025-21:48: FROM main
ERROR:command not expected: Sunday,November16,2025-21:48: FROM main
ERROR:command not expected: Sunday,November16,2025-21:48: FROM main
ERROR:command not expected: Sunday,November16,2025-21:48: FROM main
ERROR:command not expected: Sunday,November16,2025-21:48: FROM main
ERROR:command not expected: Sunday,November16,2025-21:48: FROM main
ERROR:command not expected: Sunday,November16,2025-21:48: FROM main
ERROR:command not expected: Sunday,November16,2025-21:48: FROM main
ERROR:command not expected: Sunday,November16,2025-21:48: FROM main
ERROR:command not expected: Sunday,November16,2025-21:48: FROM main
ERROR:command not expected: Sunday,November16,2025-21:48: FROM main
ERROR:command not expected: Sunday,November16,2025-21:48: FROM main
ERROR:command not expected: Sunday,November16,2025-21:48: FROM main
ERROR:command not expected: Sunday,November16,2025-21:48: FROM main
ERROR:command not expected: Sunday,November16,2025-21:48: FROM main
ERROR:command not expected: Sunday,November16,2025-21:48: FROM main
ERROR:command not expected: Sunday,November16,2025-21:48: FROM main
ERROR:command not expected: Sunday,November16,2025-21:48: FROM main
ERROR:command not expected: Sunday,November16,2025-21:48: FROM main
ERROR:command not expected: Sunday,November16,2025-21:48: FROM main
ERROR:command not expected: Sunday,November16,2025-21:48: FROM main
ERROR:command not expected: Sunday,November16,2025-21:48: FROM main
ERROR:command not expected: Sunday,November16,2025-21:48: FROM main
ERROR:command not expected: Sunday,November16,2025-21:48: FROM main
ERROR:command not expected: Sunday,November16,2025-21:48: FROM main
ERROR:command not expected: Sunday,November16,2025-21:48: FROM main
ERROR:command not expected: Sunday,November16,2025-21:48: FROM main
ERROR:command not expected: Sunday,November16,2025-21:48: FROM main
ERROR:command not expected: Sunday,November16,2025-21:48: FROM main
ERROR:command not expected: Sunday,November16,2025-21:48: FROM main
ERROR:command not expected: Sunday,November16,2025-21:48: FROM main
ERROR:command not expected: Sunday,November16,2025-21:48: FROM main
ERROR:command not expected: Sunday,November16,2025-21:48: FROM main
ERROR:User:'g' not found: Sunday,November16,2025-21:51: FROM delete user
ERROR:command not expected: Sunday,November16,2025-21:51: FROM main
ERROR:command not expected: Sunday,November16,2025-21:51: FROM main
ERROR:command not expected: Sunday,November16,2025-21:51: FROM main
ERROR:User name cannot be empty: Sunday,November16,2025-21:56: FROM delete user
ERROR:User:'q' not found: Sunday,November16,2025-21:56: FROM delete user
ERROR: expcted a command: Sunday,November16,2025-21:57: FROM main
ERROR: expcted a command: Sunday,November16,2025-21:57: FROM main
ERROR:command not expected: Sunday,November16,2025-22:00: FROM main
ERROR: expcted a command: Sunday,November16,2025-22:00: FROM main
ERROR:User:'q' not found: Sunday,November16,2025-22:01: FROM delete user
ERROR:command not expected: Sunday,November16,2025-22:01: FROM main
ERROR:command not expected: Sunday,November16,2025-22:01: FROM main
ERROR:command not expected: Sunday,November16,2025-22:01: FROM main
ERROR:command not expected: Sunday,November16,2025-22:01: FROM main
ERROR:command not expected: Sunday,November16,2025-22:01: FROM main
ERROR:command not expected: Sunday,November16,2025-22:01: FROM main
ERROR:command not expected: Sunday,November16,2025-22:01: FROM main
ERROR:command not expected: Sunday,November16,2025-22:01: FROM main
ERROR:command not expected: Sunday,November16,2025-22:01: FROM main
ERROR:command not expected: Sunday,November16,2025-22:01: FROM main
ERROR:command not expected: Sunday,November16,2025-22:01: FROM main
ERROR:command not expected: Sunday,November16,2025-22:01: FROM main
ERROR:command not expected: Sunday,November16,2025-22:01: FROM main
ERROR:command not expected: Sunday,November16,2025-22:01: FROM main
ERROR:command not expected: Sunday,November16,2025-22:01: FROM main
ERROR:command not expected: Sunday,November16,2025-22:01: FROM main
ERROR:command not expected: Sunday,November16,2025-22:01: FROM main
ERROR:command not expected: Sunday,November16,2025-22:01: FROM main
ERROR:command not expected: Sunday,November16,2025-22:01: FROM main
ERROR:command not expected: Sunday,November16,2025-22:01: FROM main
ERROR:command not expected: Sunday,November16,2025-22:01: FROM main
ERROR:command not expected: Sunday,November16,2025-22:01: FROM main
ERROR:command not expected: Sunday,November16,2025-22:01: FROM main
ERROR:command not expected: Sunday,November16,2025-22:01: FROM main
ERROR:command not expected: Sunday,November16,2025-22:01: FROM main
ERROR: expcted a command: Sunday,November16,2025-22:01: FROM main
ERROR: expcted a command: Sunday,November16,2025-22:01: FROM main
ERROR: expcted a command: Sunday,November16,2025-22:01: FROM main
ERROR: expcted a command: Sunday,November16,2025-22:01: FROM main
ERROR: expcted a command: Sunday,November16,2025-22:01: FROM main
ERROR: expcted a command: Sunday,November16,2025-22:01: FROM main
ERROR: expcted a command: Sunday,November16,2025-22:01: FROM main
ERROR: expcted a command: Sunday,November16,2025-22:01: FROM main
ERROR: expcted a command: Sunday,November16,2025-22:01: FROM main
ERROR: expcted a command: Sunday,November16,2025-22:01: FROM main
ERROR: expcted a command: Sunday,November16,2025-22:01: FROM main
ERROR: expcted a command: Sunday,November16,2025-22:01: FROM main
ERROR: expcted a command: Sunday,November16,2025-22:01: FROM main
ERROR: expcted a command: Sunday,November16,2025-22:01: FROM main
ERROR: expcted a command: Sunday,November16,2025-22:01: FROM main
ERROR: expcted a command: Sunday,November16,2025-22:01: FROM main
ERROR: expcted a command: Sunday,November16,2025-22:01: FROM main
ERROR: expcted a command: Sunday,November16,2025-22:01: FROM main
ERROR: expcted a command: Sunday,November16,2025-22:01: FROM main
ERROR: expcted a command: Sunday,November16,2025-22:01: FROM main
ERROR: expcted a command: Sunday,November16,2025-22:01: FROM main
ERROR: expcted a command: Sunday,November16,2025-22:01: FROM main
ERROR: expcted a command: Sunday,November16,2025-22:01: FROM main
ERROR: expcted a command: Sunday,November16,2025-22:01: FROM main
ERROR: expcted a command: Sunday,November16,2025-22:01: FROM main
ERROR: expcted a command: Sunday,November16,2025-22:01: FROM main
ERROR: expcted a command: Sunday,November16,2025-22:01: FROM main
ERROR: expcted a command: Sunday,November16,2025-22:01: FROM main
ERROR: expcted a command: Sunday,November16,2025-22:01: FROM main
ERROR: expcted a command: Sunday,November16,2025-22:01: FROM main
ERROR: expcted a command: Sunday,November16,2025-22:01: FROM main
ERROR: expcted a command: Sunday,November16,2025-22:01: FROM main
ERROR: expcted a command: Sunday,November16,2025-22:01: FROM main
ERROR: expcted a command: Sunday,November16,2025-22:01: FROM main
ERROR: expcted a command: Sunday,November16,2025-22:01: FROM main
ERROR: expcted a command: Sunday,November16,2025-22:01: FROM main
ERROR: expcted a command: Sunday,November16,2025-22:01: FROM main
ERROR: expcted a command: Sunday,November16,2025-22:01: FROM main
ERROR: expcted a command: Sunday,November16,2025-22:01: FROM main
ERROR: expcted a command: Sunday,November16,2025-22:01: FROM main
ERROR: expcted a command: Sunday,November16,2025-22:01: FROM main
ERROR: expcted a command: Sunday,November16,2025-22:01: FROM main
ERROR: expcted a command: Sunday,November16,2025-22:01: FROM main
ERROR: expcted a command: Sunday,November16,2025-22:01: FROM main
ERROR: expcted a command: Sunday,November16,2025-22:01: FROM main
ERROR: expcted a command: Sunday,November16,2025-22:01: FROM main
ERROR: expcted a command: Sunday,November16,2025-22:01: FROM main
ERROR: expcted a command: Sunday,November16,2025-22:01: FROM main
ERROR: expcted a command: Sunday,November16,2025-22:01: FROM main
ERROR: expcted a command: Sunday,November16,2025-22:01: FROM main
ERROR: expcted a command: Sunday,November16,2025-22:01: FROM main
ERROR: expcted a command: Sunday,November16,2025-22:01: FROM main
ERROR: expcted a command: Sunday,November16,2025-22:01: FROM main
ERROR: expcted a command: Sunday,November16,2025-22:01: FROM main
ERROR: expcted a command: Sunday,November16,2025-22:01: FROM main
ERROR: expcted a command: Sunday,November16,2025-22:01: FROM main
ERROR: expcted a command: Sunday,November16,2025-22:01: FROM main
ERROR: expcted a command: Sunday,November16,2025-22:01: FROM main
ERROR: expcted a command: Sunday,November16,2025-22:01: FROM main
ERROR: expcted a command: Sunday,November16,2025-22:01: FROM main
ERROR: expcted a command: Sunday,November16,2025-22:01: FROM main
ERROR: expcted a command: Sunday,November16,2025-22:01: FROM main
ERROR: expcted a command: Sunday,November16,2025-22:01: FROM main
ERROR: expcted a command: Sunday,November16,2025-22:01: FROM main
ERROR: expcted a command: Sunday,November16,2025-22:01: FROM main
ERROR: expcted a command: Sunday,November16,2025-22:01: FROM main
ERROR: expcted a command: Sunday,November16,2025-22:01: FROM main
ERROR: expcted a command: Sunday,November16,2025-22:01: FROM main
ERROR: expcted a command: Sunday,November16,2025-22:01: FROM main
ERROR: expcted a command: Sunday,November16,2025-22:01: FROM main
ERROR: expcted a command: Sunday,November16,2025-22:01: FROM main
ERROR: expcted a command: Sunday,November16,2025-22:01: FROM main
ERROR: expcted a command: Sunday,November16,2025-22:01: FROM main
ERROR: expcted a command: Sunday,November16,2025-22:01: FROM main
ERROR: expcted a command: Sunday,November16,2025-22:01: FROM main
ERROR: expcted a command: Sunday,November16,2025-22:01: FROM main
ERROR: expcted a command: Sunday,November16,2025-22:01: FROM main
ERROR: expcted a command: Sunday,November16,2025-22:01: FROM main
ERROR: expcted a command: Sunday,November16,2025-22:01: FROM main
ERROR: expcted a command: Sunday,November16,2025-22:01: FROM main
ERROR: expcted a command: Sunday,November16,2025-22:01: FROM main
ERROR: expcted a command: Sunday,November16,2025-22:01: FROM main
ERROR: expcted a command: Sunday,November16,2025-22:01: FROM main
ERROR: expcted a command: Sunday,November16,2025-22:01: FROM main
ERROR: expcted a command: Sunday,November16,2025-22:01: FROM main
ERROR: expcted a command: Sunday,November16,2025-22:01: FROM main
ERROR: expcted a command: Sunday,November16,2025-22:01: FROM main
ERROR: expcted a command: Sunday,November16,2025-22:01: FROM main
ERROR: expcted a command: Sunday,November16,2025-22:01: FROM main
ERROR: expcted a command: Sunday,November16,2025-22:01: FROM main
ERROR: expcted a command: Sunday,November16,2025-22:01: FROM main
ERROR: expcted a command: Sunday,November16,2025-22:01: FROM main
ERROR: expcted a command: Sunday,November16,2025-22:01: FROM main
ERROR: expcted a command: Sunday,November16,2025-22:01: FROM main
ERROR: expcted a command: Sunday,November16,2025-22:01: FROM main
ERROR: expcted a command: Sunday,November16,2025-22:01: FROM main
ERROR: expcted a command: Sunday,November16,2025-22:01: FROM main
ERROR: expcted a command: Sunday,November16,2025-22:01: FROM main
ERROR: expcted a command: Sunday,November16,2025-22:01: FROM main
ERROR: expcted a command: Sunday,November16,2025-22:01: FROM main
ERROR: expcted a command: Sunday,November16,2025-22:01: FROM main
ERROR: expcted a command: Sunday,November16,2025-22:01: FROM main
ERROR: expcted a command: Sunday,November16,2025-22:01: FROM main
ERROR: expcted a command: Sunday,November16,2025-22:01: FROM main
ERROR: expcted a command: Sunday,November16,2025-22:01: FROM main
ERROR: expcted a command: Sunday,November16,2025-22:01: FROM main
ERROR: expcted a command: Sunday,November16,2025-22:01: FROM main
ERROR: expcted a command: Sunday,November16,2025-22:01: FROM main
ERROR: expcted a command: Sunday,November16,2025-22:01: FROM main
ERROR: expcted a command: Sunday,November16,2025-22:01: FROM main
ERROR: expcted a command: Sunday,November16,2025-22:01: FROM main
ERROR: expcted a command: Sunday,November16,2025-22:01: FROM main
ERROR: expcted a command: Sunday,November16,2025-22:01: FROM main
ERROR: expcted a command: Sunday,November16,2025-22:01: FROM main
ERROR: expcted a command: Sunday,November16,2025-22:01: FROM main
ERROR: expcted a command: Sunday,November16,2025-22:01: FROM main
ERROR: expcted a command: Sunday,November16,2025-22:01: FROM main
ERROR: expcted a command: Sunday,November16,2025-22:01: FROM main
ERROR: expcted a command: Sunday,November16,2025-22:01: FROM main
ERROR: expcted a command: Sunday,November16,2025-22:01: FROM main
ERROR: expcted a command: Sunday,November16,2025-22:01: FROM main
ERROR: expcted a command: Sunday,November16,2025-22:01: FROM main
ERROR: expcted a command: Sunday,November16,2025-22:01: FROM main
ERROR: expcted a command: Sunday,November16,2025-22:01: FROM main
ERROR: expcted a command: Sunday,November16,2025-22:01: FROM main
ERROR: expcted a command: Sunday,November16,2025-22:01: FROM main
ERROR: expcted a command: Sunday,November16,2025-22:01: FROM main
ERROR: expcted a command: Sunday,November16,2025-22:01: FROM main
ERROR: expcted a command: Sunday,November16,2025-22:01: FROM main
ERROR: expcted a command: Sunday,November16,2025-22:01: FROM main
ERROR: expcted a command: Sunday,November16,2025-22:01: FROM main
ERROR: expcted a command: Sunday,November16,2025-22:01: FROM main
ERROR: expcted a command: Sunday,November16,2025-22:01: FROM main
ERROR: expcted a command: Sunday,November16,2025-22:01: FROM main
ERROR: expcted a command: Sunday,November16,2025-22:01: FROM main
ERROR: expcted a command: Sunday,November16,2025-22:01: FROM main
ERROR: expcted a command: Sunday,November16,2025-22:01: FROM main
ERROR: expcted a command: Sunday,November16,2025-22:01: FROM main
ERROR: expcted a command: Sunday,November16,2025-22:01: FROM main
ERROR: expcted a command: Sunday,November16,2025-22:01: FROM main
ERROR: expcted a command: Sunday,November16,2025-22:01: FROM main
ERROR: expcted a command: Sunday,November16,2025-22:01: FROM main
ERROR: expcted a command: Sunday,November16,2025-22:01: FROM main
ERROR: expcted a command: Sunday,November16,2025-22:01: FROM main
ERROR: expcted a command: Sunday,November16,2025-22:01: FROM main
ERROR: expcted a command: Sunday,November16,2025-22:01: FROM main
ERROR: expcted a command: Sunday,November16,2025-22:01: FROM main
ERROR: expcted a command: Sunday,November16,2025-22:01: FROM main
ERROR: expcted a command: Sunday,November16,2025-22:01: FROM main
ERROR: expcted a command: Sunday,November16,2025-22:01: FROM main
ERROR: expcted a command: Sunday,November16,2025-22:01: FROM main
ERROR: expcted a command: Sunday,November16,2025-22:01: FROM main
ERROR: expcted a command: Sunday,November16,2025-22:01: FROM main
ERROR: expcted a command: Sunday,November16,2025-22:01: FROM main
ERROR: expcted a command: Sunday,November16,2025-22:01: FROM main
ERROR: expcted a command: Sunday,November16,2025-22:01: FROM main
ERROR: expcted a command: Sunday,November16,2025-22:01: FROM main
ERROR: expcted a command: Sunday,November16,2025-22:01: FROM main
ERROR: expcted a command: Sunday,November16,2025-22:01: FROM main
ERROR: expcted a command: Sunday,November16,2025-22:01: FROM main
ERROR: expcted a command: Sunday,November16,2025-22:01: FROM main
ERROR: expcted a command: Sunday,November16,2025-22:01: FROM main
ERROR: expcted a command: Sunday,November16,2025-22:01: FROM main
ERROR: expcted a command: Sunday,November16,2025-22:01: FROM main
ERROR: expcted a command: Sunday,November16,2025-22:01: FROM main
ERROR: expcted a command: Sunday,November16,2025-22:01: FROM main
ERROR: expcted a command: Sunday,November16,2025-22:01: FROM main
ERROR: expcted a command: Sunday,November16,2025-22:01: FROM main
ERROR: expcted a command: Sunday,November16,2025-22:01: FROM main
ERROR: expcted a command: Sunday,November16,2025-22:01: FROM main
ERROR: expcted a command: Sunday,November16,2025-22:01: FROM main
ERROR: expcted a command: Sunday,November16,2025-22:01: FROM main
ERROR: expcted a command: Sunday,November16,2025-22:01: FROM main
ERROR: expcted a command: Sunday,November16,2025-22:01: FROM main
ERROR: expcted a command: Sunday,November16,2025-22:01: FROM main
ERROR: expcted a command: Sunday,November16,2025-22:01: FROM main
ERROR: expcted a command: Sunday,November16,2025-22:01: FROM main
ERROR: expcted a command: Sunday,November16,2025-22:01: FROM main
ERROR: expcted a command: Sunday,November16,2025-22:01: FROM main
ERROR: expcted a command: Sunday,November16,2025-22:01: FROM main
ERROR: expcted a command: Sunday,November16,2025-22:01: FROM main
ERROR: expcted a command: Sunday,November16,2025-22:01: FROM main
ERROR: expcted a command: Sunday,November16,2025-22:01: FROM main
ERROR: expcted a command: Sunday,November16,2025-22:01: FROM main
ERROR: expcted a command: Sunday,November16,2025-22:01: FROM main
ERROR: expcted a command: Sunday,November16,2025-22:01: FROM main
ERROR: expcted a command: Sunday,November16,2025-22:01: FROM main
ERROR: expcted a command: Sunday,November16,2025-22:01: FROM main
ERROR: expcted a command: Sunday,November16,2025-22:01: FROM main
ERROR: expcted a command: Sunday,November16,2025-22:01: FROM main
ERROR: expcted a command: Sunday,November16,2025-22:01: FROM main
ERROR: expcted a command: Sunday,November16,2025-22:01: FROM main
ERROR: expcted a command: Sunday,November16,2025-22:01: FROM main
ERROR: expcted a command: Sunday,November16,2025-22:01: FROM main
ERROR: expcted a command: Sunday,November16,2025-22:01: FROM main
ERROR: expcted a command: Sunday,November16,2025-22:01: FROM main
ERROR: expcted a command: Sunday,November16,2025-22:01: FROM main
ERROR: expcted a command: Sunday,November16,2025-22:01: FROM main
ERROR: expcted a command: Sunday,November16,2025-22:01: FROM main
ERROR: expcted a command: Sunday,November16,2025-22:01: FROM main
ERROR: expcted a command: Sunday,November16,2025-22:01: FROM main
ERROR: expcted a command: Sunday,November16,2025-22:01: FROM main
ERROR: expcted a command: Sunday,November16,2025-22:01: FROM main
ERROR: expcted a command: Sunday,November16,2025-22:01: FROM main
ERROR: expcted a command: Sunday,November16,2025-22:01: FROM main
ERROR: expcted a command: Sunday,November16,2025-22:01: FROM main
ERROR: expcted a command: Sunday,November16,2025-22:01: FROM main
ERROR: expcted a command: Sunday,November16,2025-22:01: FROM main
ERROR: expcted a command: Sunday,November16,2025-22:01: FROM main
ERROR: expcted a command: Sunday,November16,2025-22:01: FROM main
ERROR: expcted a command: Sunday,November16,2025-22:01: FROM main
ERROR: expcted a command: Sunday,November16,2025-22:01: FROM main
ERROR: expcted a command: Sunday,November16,2025-22:01: FROM main
ERROR: expcted a command: Sunday,November16,2025-22:01: FROM main
ERROR: expcted a command: Sunday,November16,2025-22:01: FROM main
ERROR: expcted a command: Sunday,November16,2025-22:01: FROM main
ERROR: expcted a command: Sunday,November16,2025-22:01: FROM main
ERROR: expcted a command: Sunday,November16,2025-22:01: FROM main
ERROR: expcted a command: Sunday,November16,2025-22:01: FROM main
ERROR: expcted a command: Sunday,November16,2025-22:01: FROM main
ERROR: expcted a command: Sunday,November16,2025-22:01: FROM main
ERROR: expcted a command: Sunday,November16,2025-22:01: FROM main
ERROR: expcted a command: Sunday,November16,2025-22:01: FROM main
ERROR: expcted a command: Sunday,November16,2025-22:01: FROM main
ERROR: expcted a command: Sunday,November16,2025-22:01: FROM main
ERROR: expcted a command: Sunday,November16,2025-22:01: FROM main
ERROR: expcted a command: Sunday,November16,2025-22:01: FROM main
ERROR: expcted a command: Sunday,November16,2025-22:01: FROM main
ERROR: expcted a command: Sunday,November16,2025-22:01: FROM main
ERROR: expcted a command: Sunday,November16,2025-22:01: FROM main
ERROR: expcted a command: Sunday,November16,2025-22:01: FROM main
ERROR: expcted a command: Sunday,November16,2025-22:01: FROM main
ERROR: expcted a command: Sunday,November16,2025-22:01: FROM main
ERROR: expcted a command: Sunday,November16,2025-22:01: FROM main
ERROR: expcted a command: Sunday,November16,2025-22:01: FROM main
ERROR: expcted a command: Sunday,November16,2025-22:01: FROM main
ERROR: expcted a command: Sunday,November16,2025-22:01: FROM main
ERROR: expcted a command: Sunday,November16,2025-22:01: FROM main
ERROR: expcted a command: Sunday,November16,2025-22:01: FROM main
ERROR: expcted a command: Sunday,November16,2025-22:01: FROM main
ERROR: expcted a command: Sunday,November16,2025-22:01: FROM main
ERROR: expcted a command: Sunday,November16,2025-22:01: FROM main
ERROR: expcted a command: Sunday,November16,2025-22:01: FROM main
ERROR: expcted a command: Sunday,November16,2025-22:01: FROM main
ERROR: expcted a command: Sunday,November16,2025-22:01: FROM main
ERROR: expcted a command: Sunday,November16,2025-22:01: FROM main
ERROR: expcted a command: Sunday,November16,2025-22:01: FROM main
ERROR:User:'d' not found: Sunday,November16,2025-22:02: FROM delete user
ERROR:User:'t' not found: Sunday,November16,2025-22:02: FROM delete user
ERROR:User:'g' not found: Sunday,November16,2025-22:02: FROM delete user
ERROR:User:'Xavi' not found: Sunday,November16,2025-22:02: FROM delete user
ERROR:User:'Alex' not found: Sunday,November16,2025-22:03: FROM delete user
ERROR:command not expected: Sunday,November16,2025-22:03: FROM main
ERROR:command not expected: Sunday,November16,2025-22:03: FROM main
ERROR:command not expected: Sunday,November16,2025-22:03: FROM main
ERROR:command not expected: Sunday,November16,2025-22:03: FROM main
ERROR:command not expected: Sunday,November16,2025-22:03: FROM main
ERROR:command not expected: Sunday,November16,2025-22:03: FROM main
ERROR:command not expected: Sunday,November16,2025-22:03: FROM main
ERROR:command not expected: Sunday,November16,2025-22:03: FROM main
ERROR:command not expected: Sunday,November16,2025-22:03: FROM main
ERROR:command not expected: Sunday,November16,2025-22:03: FROM main
ERROR:command not expected: Sunday,November16,2025-22:03: FROM main
ERROR:command not expected: Sunday,November16,2025-22:03: FROM main
ERROR:command not expected: Sunday,November16,2025-22:03: FROM main
ERROR:command not expected: Sunday,November16,2025-22:03: FROM main
ERROR: expcted a command: Sunday,November16,2025-22:03: FROM main
ERROR: expcted a command: Sunday,November16,2025-22:03: FROM main
ERROR: expcted a command: Sunday,November16,2025-22:03: FROM main
ERROR: expcted a command: Sunday,November16,2025-22:03: FROM main
ERROR: expcted a command: Sunday,November16,2025-22:03: FROM main
ERROR: expcted a command: Sunday,November16,2025-22:03: FROM main
ERROR: expcted a command: Sunday,November16,2025-22:03: FROM main
ERROR: expcted a command: Sunday,November16,2025-22:03: FROM main
ERROR: expcted a command: Sunday,November16,2025-22:03: FROM main
ERROR: expcted a command: Sunday,November16,2025-22:03: FROM main
ERROR: expcted a command: Sunday,November16,2025-22:03: FROM main
ERROR: expcted a command: Sunday,November16,2025-22:03: FROM main
ERROR: expcted a command: Sunday,November16,2025-22:03: FROM main
ERROR: expcted a command: Sunday,November16,2025-22:03: FROM main
ERROR: expcted a command: Sunday,November16,2025-22:03: FROM main
ERROR: expcted a command: Sunday,November16,2025-22:03: FROM main
ERROR: expcted a command: Sunday,November16,2025-22:03: FROM main
ERROR: expcted a command: Sunday,November16,2025-22:03: FROM main
ERROR: expcted a command: Sunday,November16,2025-22:03: FROM main
ERROR: expcted a command: Sunday,November16,2025-22:03: FROM main
ERROR: expcted a command: Sunday,November16,2025-22:03: FROM main
ERROR: expcted a command: Sunday,November16,2025-22:03: FROM main
ERROR: expcted a command: Sunday,November16,2025-22:03: FROM main
ERROR: expcted a command: Sunday,November16,2025-22:03: FROM main
ERROR: expcted a command: Sunday,November16,2025-22:03: FROM main
ERROR: expcted a command: Sunday,November16,2025-22:03: FROM main
ERROR: expcted a command: Sunday,November16,2025-22:03: FROM main
ERROR: expcted a command: Sunday,November16,2025-22:03: FROM main
ERROR: expcted a command: Sunday,November16,2025-22:03: FROM main
ERROR: expcted a command: Sunday,November16,2025-22:03: FROM main
ERROR: expcted a command: Sunday,November16,2025-22:03: FROM main
ERROR: expcted a command: Sunday,November16,2025-22:03: FROM main
ERROR: expcted a command: Sunday,November16,2025-22:03: FROM main
ERROR: expcted a command: Sunday,November16,2025-22:03: FROM main
ERROR: expcted a command: Sunday,November16,2025-22:03: FROM main
ERROR: expcted a command: Sunday,November16,2025-22:03: FROM main
ERROR: expcted a command: Sunday,November16,2025-22:03: FROM main
ERROR: expcted a command: Sunday,November16,2025-22:03: FROM main
ERROR: expcted a command: Sunday,November16,2025-22:03: FROM main
ERROR: expcted a command: Sunday,November16,2025-22:03: FROM main
ERROR: expcted a command: Sunday,November16,2025-22:03: FROM main
ERROR: expcted a command: Sunday,November16,2025-22:03: FROM main
ERROR: expcted a command: Sunday,November16,2025-22:03: FROM main
ERROR: expcted a command: Sunday,November16,2025-22:03: FROM main
ERROR: expcted a command: Sunday,November16,2025-22:03: FROM main
ERROR: expcted a command: Sunday,November16,2025-22:03: FROM main
ERROR: expcted a command: Sunday,November16,2025-22:03: FROM main
ERROR: expcted a command: Sunday,November16,2025-22:03: FROM main
ERROR: expcted a command: Sunday,November16,2025-22:03: FROM main
ERROR: expcted a command: Sunday,November16,2025-22:03: FROM main
ERROR: expcted a command: Sunday,November16,2025-22:03: FROM main
ERROR: expcted a command: Sunday,November16,2025-22:03: FROM main
ERROR: expcted a command: Sunday,November16,2025-22:03: FROM main
ERROR: expcted a command: Sunday,November16,2025-22:03: FROM main
ERROR: expcted a command: Sunday,November16,2025-22:03: FROM main
ERROR: expcted a command: Sunday,November16,2025-22:03: FROM main
ERROR: expcted a command: Sunday,November16,2025-22:03: FROM main
ERROR: expcted a command: Sunday,November16,2025-22:03: FROM main
ERROR: expcted a command: Sunday,November16,2025-22:03: FROM main
ERROR: expcted a command: Sunday,November16,2025-22:03: FROM main
ERROR: expcted a command: Sunday,November16,2025-22:03: FROM main
ERROR: expcted a command: Sunday,November16,2025-22:03: FROM main
ERROR: expcted a command: Sunday,November16,2025-22:03: FROM main
ERROR: expcted a command: Sunday,November16,2025-22:03: FROM main
ERROR: expcted a command: Sunday,November16,2025-22:03: FROM main
ERROR: expcted a command: Sunday,November16,2025-22:03: FROM main
ERROR: expcted a command: Sunday,November16,2025-22:03: FROM main
ERROR: expcted a command: Sunday,November16,2025-22:03: FROM main
ERROR: expcted a command: Sunday,November16,2025-22:03: FROM main
ERROR: expcted a command: Sunday,November16,2025-22:03: FROM main
ERROR: expcted a command: Sunday,November16,2025-22:03: FROM main
ERROR: expcted a command: Sunday,November16,2025-22:03: FROM main
ERROR: expcted a command: Sunday,November16,2025-22:03: FROM main
ERROR: expcted a command: Sunday,November16,2025-22:03: FROM main
ERROR: expcted a command: Sunday,November16,2025-22:03: FROM main
ERROR: expcted a command: Sunday,November16,2025-22:03: FROM main
ERROR: expcted a command: Sunday,November16,2025-22:03: FROM main
ERROR: expcted a command: Sunday,November16,2025-22:03: FROM main
ERROR: expcted a command: Sunday,November16,2025-22:03: FROM main
ERROR: expcted a command: Sunday,November16,2025-22:03: FROM main
ERROR: expcted a command: Sunday,November16,2025-22:03: FROM main
ERROR: expcted a command: Sunday,November16,2025-22:03: FROM main
ERROR: expcted a command: Sunday,November16,2025-22:03: FROM main
ERROR: expcted a command: Sunday,November16,2025-22:03: FROM main
ERROR: expcted a command: Sunday,November16,2025-22:03: FROM main
ERROR: expcted a command: Sunday,November16,2025-22:03: FROM main
ERROR: expcted a command: Sunday,November16,2025-22:03: FROM main
ERROR: expcted a command: Sunday,November16,2025-22:03: FROM main
ERROR: expcted a command: Sunday,November16,2025-22:03: FROM main
ERROR: expcted a command: Sunday,November16,2025-22:03: FROM main
ERROR: expcted a command: Sunday,November16,2025-22:03: FROM main
ERROR: expcted a command: Sunday,November16,2025-22:03: FROM main
ERROR: expcted a command: Sunday,November16,2025-22:03: FROM main
ERROR: expcted a command: Sunday,November16,2025-22:03: FROM main
ERROR: expcted a command: Sunday,November16,2025-22:03: FROM main
ERROR: expcted a command: Sunday,November16,2025-22:03: FROM main
ERROR: expcted a command: Sunday,November16,2025-22:03: FROM main
ERROR: expcted a command: Sunday,November16,2025-22:03: FROM main
ERROR: expcted a command: Sunday,November16,2025-22:03: FROM main
ERROR: expcted a command: Sunday,November16,2025-22:03: FROM main
ERROR: expcted a command: Sunday,November16,2025-22:03: FROM main
ERROR: expcted a command: Sunday,November16,2025-22:03: FROM main
ERROR: expcted a command: Sunday,November16,2025-22:03: FROM main
ERROR: expcted a command: Sunday,November16,2025-22:03: FROM main
ERROR: expcted a command: Sunday,November16,2025-22:03: FROM main
ERROR: expcted a command: Sunday,November16,2025-22:03: FROM main
ERROR: expcted a command: Sunday,November16,2025-22:03: FROM main
ERROR: expcted a command: Sunday,November16,2025-22:03: FROM main
ERROR: expcted a command: Sunday,November16,2025-22:03: FROM main
ERROR: expcted a command: Sunday,November16,2025-22:03: FROM main
ERROR: expcted a command: Sunday,November16,2025-22:03: FROM main
ERROR: expcted a command: Sunday,November16,2025-22:03: FROM main
ERROR: expcted a command: Sunday,November16,2025-22:03: FROM main
ERROR: expcted a command: Sunday,November16,2025-22:03: FROM main
ERROR: expcted a command: Sunday,November16,2025-22:03: FROM main
ERROR: expcted a command: Sunday,November16,2025-22:03: FROM main
ERROR: expcted a command: Sunday,November16,2025-22:03: FROM main
ERROR: expcted a command: Sunday,November16,2025-22:03: FROM main
ERROR: expcted a command: Sunday,November16,2025-22:03: FROM main
ERROR: expcted a command: Sunday,November16,2025-22:03: FROM main
ERROR: expcted a command: Sunday,November16,2025-22:03: FROM main
ERROR: expcted a command: Sunday,November16,2025-22:03: FROM main
ERROR: expcted a command: Sunday,November16,2025-22:03: FROM main
ERROR: expcted a command: Sunday,November16,2025-22:03: FROM main
ERROR: expcted a command: Sunday,November16,2025-22:03: FROM main
ERROR: expcted a command: Sunday,November16,2025-22:03: FROM main
ERROR: expcted a command: Sunday,November16,2025-22:03: FROM main
ERROR: expcted a command: Sunday,November16,2025-22:03: FROM main
ERROR: expcted a command: Sunday,November16,2025-22:03: FROM main
ERROR: expcted a command: Sunday,November16,2025-22:03: FROM main
ERROR: expcted a command: Sunday,November16,2025-22:03: FROM main
ERROR: expcted a command: Sunday,November16,2025-22:03: FROM main
ERROR: expcted a command: Sunday,November16,2025-22:03: FROM main
ERROR: expcted a command: Sunday,November16,2025-22:03: FROM main
ERROR: expcted a command: Sunday,November16,2025-22:03: FROM main
ERROR: expcted a command: Sunday,November16,2025-22:03: FROM main
ERROR: expcted a command: Sunday,November16,2025-22:03: FROM main
ERROR: expcted a command: Sunday,November16,2025-22:03: FROM main
ERROR: expcted a command: Sunday,November16,2025-22:03: FROM main
ERROR: expcted a command: Sunday,November16,2025-22:03: FROM main
ERROR: expcted a command: Sunday,November16,2025-22:03: FROM main
ERROR: expcted a command: Sunday,November16,2025-22:03: FROM main
ERROR: expcted a command: Sunday,November16,2025-22:03: FROM main
ERROR: expcted a command: Sunday,November16,2025-22:03: FROM main
ERROR: expcted a command: Sunday,November16,2025-22:03: FROM main
ERROR: expcted a command: Sunday,November16,2025-22:03: FROM main
ERROR: expcted a command: Sunday,November16,2025-22:03: FROM main
ERROR: expcted a command: Sunday,November16,2025-22:03: FROM main
ERROR: expcted a command: Sunday,November16,2025-22:03: FROM main
ERROR: expcted a command: Sunday,November16,2025-22:03: FROM main
ERROR: expcted a command: Sunday,November16,2025-22:03: FROM main
ERROR: expcted a command: Sunday,November16,2025-22:03: FROM main
ERROR: expcted a command: Sunday,November16,2025-22:03: FROM main
ERROR: expcted a command: Sunday,November16,2025-22:03: FROM main
ERROR: expcted a command: Sunday,November16,2025-22:03: FROM main
ERROR: expcted a command: Sunday,November16,2025-22:03: FROM main
ERROR: expcted a command: Sunday,November16,2025-22:03: FROM main
ERROR: expcted a command: Sunday,November16,2025-22:03: FROM main
ERROR: expcted a command: Sunday,November16,2025-22:03: FROM main
ERROR: expcted a command: Sunday,November16,2025-22:03: FROM main
ERROR: expcted a command: Sunday,November16,2025-22:03: FROM main
ERROR: expcted a command: Sunday,November16,2025-22:03: FROM main
ERROR: expcted a command: Sunday,November16,2025-22:03: FROM main
ERROR: expcted a command: Sunday,November16,2025-22:03: FROM main
ERROR: expcted a command: Sunday,November16,2025-22:03: FROM main
ERROR: expcted a command: Sunday,November16,2025-22:03: FROM main
ERROR: expcted a command: Sunday,November16,2025-22:03: FROM main
ERROR: expcted a command: Sunday,November16,2025-22:03: FROM main
ERROR: expcted a command: Sunday,November16,2025-22:03: FROM main
ERROR: expcted a command: Sunday,November16,2025-22:03: FROM main
ERROR: expcted a command: Sunday,November16,2025-22:03: FROM main
ERROR: expcted a command: Sunday,November16,2025-22:03: FROM main
ERROR: expcted a command: Sunday,November16,2025-22:03: FROM main
ERROR: expcted a command: Sunday,November16,2025-22:03: FROM main
ERROR: expcted a command: Sunday,November16,2025-22:03: FROM main
ERROR: expcted a command: Sunday,November16,2025-22:03: FROM main
ERROR: expcted a command: Sunday,November16,2025-22:03: FROM main
ERROR: expcted a command: Sunday,November16,2025-22:03: FROM main
ERROR: expcted a command: Sunday,November16,2025-22:03: FROM main
ERROR: expcted a command: Sunday,November16,2025-22:03: FROM main
ERROR: expcted a command: Sunday,November16,2025-22:03: FROM main
ERROR: expcted a command: Sunday,November16,2025-22:03: FROM main
ERROR: expcted a command: Sunday,November16,2025-22:03: FROM main
ERROR: expcted a command: Sunday,November16,2025-22:03: FROM main
ERROR: expcted a command: Sunday,November16,2025-22:03: FROM main
ERROR: expcted a command: Sunday,November16,2025-22:03: FROM main
ERROR: expcted a command: Sunday,November16,2025-22:03: FROM main
ERROR: expcted a command: Sunday,November16,2025-22:03: FROM main
ERROR: expcted a command: Sunday,November16,2025-22:03: FROM main
ERROR: expcted a command: Sunday,November16,2025-22:03: FROM main
ERROR: expcted a command: Sunday,November16,2025-22:03: FROM main
ERROR: expcted a command: Sunday,November16,2025-22:03: FROM main
ERROR: expcted a command: Sunday,November16,2025-22:03: FROM main
ERROR: expcted a command: Sunday,November16,2025-22:03: FROM main
ERROR: expcted a command: Sunday,November16,2025-22:03: FROM main
ERROR: expcted a command: Sunday,November16,2025-22:03: FROM main
ERROR: expcted a command: Sunday,November16,2025-22:03: FROM main
ERROR: expcted a command: Sunday,November16,2025-22:03: FROM main
ERROR: expcted a command: Sunday,November16,2025-22:03: FROM main
ERROR: expcted a command: Sunday,November16,2025-22:03: FROM main
ERROR: expcted a command: Sunday,November16,2025-22:03: FROM main
ERROR: expcted a command: Sunday,November16,2025-22:03: FROM main
ERROR: expcted a command: Sunday,November16,2025-22:03: FROM main
ERROR: expcted a command: Sunday,November16,2025-22:03: FROM main
ERROR: expcted a command: Sunday,November16,2025-22:03: FROM main
ERROR: expcted a command: Sunday,November16,2025-22:03: FROM main
ERROR: expcted a command: Sunday,November16,2025-22:03: FROM main
ERROR: expcted a command: Sunday,November16,2025-22:03: FROM main
ERROR: expcted a command: Sunday,November16,2025-22:03: FROM main
ERROR: expcted a command: Sunday,November16,2025-22:03: FROM main
ERROR: expcted a command: Sunday,November16,2025-22:03: FROM main
ERROR: expcted a command: Sunday,November16,2025-22:03: FROM main
ERROR: expcted a command: Sunday,November16,2025-22:03: FROM main
ERROR: expcted a command: Sunday,November16,2025-22:03: FROM main
ERROR: expcted a command: Sunday,November16,2025-22:03: FROM main
ERROR: expcted a command: Sunday,November16,2025-22:03: FROM main
ERROR: expcted a command: Sunday,November16,2025-22:03: FROM main
ERROR: expcted a command: Sunday,November16,2025-22:03: FROM main
ERROR: expcted a command: Sunday,November16,2025-22:03: FROM main
ERROR: expcted a command: Sunday,November16,2025-22:03: FROM main
ERROR: expcted a command: Sunday,November16,2025-22:03: FROM main
ERROR: expcted a command: Sunday,November16,2025-22:03: FROM main
ERROR: expcted a command: Sunday,November16,2025-22:03: FROM main
ERROR: expcted a command: Sunday,November16,2025-22:03: FROM main
ERROR: expcted a command: Sunday,November16,2025-22:03: FROM main
ERROR: expcted a command: Sunday,November16,2025-22:03: FROM main
ERROR: expcted a command: Sunday,November16,2025-22:03: FROM main
ERROR: expcted a command: Sunday,November16,2025-22:03: FROM main
ERROR: expcted a command: Sunday,November16,2025-22:03: FROM main
ERROR: expcted a command: Sunday,November16,2025-22:03: FROM main
ERROR: expcted a command: Sunday,November16,2025-22:03: FROM main
ERROR: expcted a command: Sunday,November16,2025-22:03: FROM main
ERROR: expcted a command: Sunday,November16,2025-22:03: FROM main
ERROR: expcted a command: Sunday,November16,2025-22:03: FROM main
ERROR: expcted a command: Sunday,November16,2025-22:03: FROM main
ERROR: expcted a command: Sunday,November16,2025-22:03: FROM main
ERROR: expcted a command: Sunday,November16,2025-22:03: FROM main
ERROR: expcted a command: Sunday,November16,2025-22:03: FROM main
ERROR:User:'f' not found: Sunday,November16,2025-22:06: FROM delete user
