index,user id,first name,last name,sex,email,phone,date of birth,job title
INDEX,USER ID,FIRST NAME,LAST NAME,SEX,EMAIL,PHONE,DATE OF BIRTH,JOB TITLE
index,user id,first name,last name,sex,email,phone,date of birth,job title
INDEX,USER ID,FIRST NAME,LAST NAME,SEX,EMAIL,PHONE,DATE OF BIRTH,JOB TITLE
index,user id,first name,last name,sex,email,phone,date of birth,job title
INDEX,USER ID,FIRST NAME,LAST NAME,SEX,EMAIL,PHONE,DATE OF BIRTH,JOB TITLE
index,user id,first name,last name,sex,email,phone,date of birth,job title
INDEX,USER ID,FIRST NAME,LAST NAME,SEX,EMAIL,PHONE,DATE OF BIRTH,JOB TITLE
index,user-id,first-name,last-name,sex,email,phone,date-of-birth,job-title
INDEX,USER-ID,FIRST-NAME,LAST-NAME,SEX,EMAIL,PHONE,DATE-OF-BIRTH,JOB-TITLE
index,user-id,first-name,last-name,sex,email,phone,date-of-birth,job-title
INDEX,USER-ID,FIRST-NAME,LAST-NAME,SEX,EMAIL,PHONE,DATE-OF-BIRTH,JOB-TITLE
index,user id,first name,last name,sex,email,phone,date of birth,job title
INDEX,USER ID,FIRST NAME,LAST NAME,SEX,EMAIL,PHONE,DATE OF BIRTH,JOB TITLE
index,user id,first name,last name,sex,email,phone,date of birth,job title
INDEX,USER ID,FIRST NAME,LAST NAME,SEX,EMAIL,PHONE,DATE OF BIRTH,JOB TITLE
